{
    "group": 1.0,
    "ID": 125047.0,
    "age": 72.0,
    "gendera": 1.0,
    "BMI": 37.58817943,
    "hypertensive": 0.0,
    "atrialfibrillation": 0.0,
    "CHD with no MI": 0.0,
    "diabetes": 1.0,
    "deficiencyanemias": 1.0,
    "depression": 0.0,
    "Hyperlipemia": 1.0,
    "Renal failure": 1.0,
    "COPD": 0.0,
    "heart rate": 68.83783784,
    "Systolic blood pressure": 155.8666667,
    "Diastolic blood pressure": 68.33333333,
    "Respiratory rate": 16.62162162,
    "temperature": 36.71428571,
    "SP O2": 98.39473684,
    "Urine output": 2155.0,
    "hematocrit": 26.27272727,
    "RBC": 2.96,
    "MCH": 28.25,
    "MCHC": 31.52,
    "MCV": 89.9,
    "RDW": 16.22,
    "Leucocyte": 7.65,
    "Platelets": 305.1,
    "Neutrophils": 74.65,
    "Basophils": 0.4,
    "Lymphocyte": 13.3,
    "PT": 10.6,
    "INR": 1.0,
    "NT-proBNP": 1956.0,
    "Creatine kinase": 148.0,
    "Creatinine": 1.958333333,
    "Urea nitrogen": 50.0,
    "glucose": 114.6363636,
    "Blood potassium": 4.816666667,
    "Blood sodium": 138.75,
    "Blood calcium": 7.463636364,
    "Chloride": 109.1666667,
    "Anion gap": 13.16666667,
    "Magnesium ion": 2.618181818,
    "PH": 7.23,
    "Bicarbonate": 21.16666667,
    "Lactic acid": 0.5,
    "PCO2": 40.0,
    "EF": 55.0
}